emp_number,employee_id,emp_lastname,emp_firstname,emp_middle_name,emp_name,sub_unit,job_title
0002,"0003",Durol,Danette,Joselyn,Danette+Joselyn+Durol,2,3
0004,"0005",Mellady,Lesa,Kiesha,Lesa+Kiesha+Mellady,1,3
0006,"0007",Macurdy,Vivien,Isidro,Vivien+Isidro+Macurdy,1,4
0008,"0009",Conoly,Louanne,Chad,Louanne+Chad+Conoly,5,5
0010,"0011",Mcglockton,Lionel,Mi,Lionel+Mi+Mcglockton,4,5
0012,"0013",Landenberger,Rebbecca,Corina,Rebbecca+Corina+Landenberger,2,3
0014,"0015",Davydov,Aja,Clarissa,Aja+Clarissa+Davydov,1,5
0016,"0017",Pontbriand,Bari,Roxanne,Bari+Roxanne+Pontbriand,5,4
0018,"0019",Lavgle,Kim,Lashaunda,Kim+Lashaunda+Lavgle,1,3
0020,"0021",Pritt,Shiloh,Ethelene,Shiloh+Ethelene+Pritt,4,3
0022,"0023",Meeds,Ester,Drema,Ester+Drema+Meeds,2,3
0024,"0025",Chomicki,Davis,Marquerit,Davis+Marquerit+Chomicki,4,3
0026,"0027",Blessett,Domingo,Garfield,Domingo+Garfield+Blessett,2,3
0028,"0029",Eracleo,Ashley,Sharilyn,Ashley+Sharilyn+Eracleo,3,2
0030,"0031",Renwick,Tianna,Rocky,Tianna+Rocky+Renwick,5,2
0032,"0033",Gravit,Camie,Laraine,Camie+Laraine+Gravit,2,4
0034,"0035",Bald,Shemeka,Penni,Shemeka+Penni+Bald,3,2
0036,"0037",Pascanik,Elliot,Sunny,Elliot+Sunny+Pascanik,5,2
0038,"0039",Lazio,Minh,Jenifer,Minh+Jenifer+Lazio,3,5
0040,"0041",Cashin,Debby,Hannah,Debby+Hannah+Cashin,3,3
0042,"0043",Lenigan,Kenda,Julieta,Kenda+Julieta+Lenigan,2,4
0044,"0045",Mcleroy,Lavon,Shaniqua,Lavon+Shaniqua+Mcleroy,3,4
0046,"0047",Coutu,Farah,Alethia,Farah+Alethia+Coutu,2,5
0048,"0049",Ballar,Rey,Renna,Rey+Renna+Ballar,4,4
0050,"0051",Rutan,Fiona,Ammie,Fiona+Ammie+Rutan,2,4
0052,"0053",Bedenfield,Tai,Anne,Tai+Anne+Bedenfield,5,2
0054,"0055",Leanza,Herman,Adalberto,Herman+Adalberto+Leanza,5,5
0056,"0057",Fragassi,Peggy,Alexandra,Peggy+Alexandra+Fragassi,5,3
0058,"0059",Pettibone,Boris,Katheleen,Boris+Katheleen+Pettibone,5,2
0060,"0061",Bajek,Marylyn,Alvaro,Marylyn+Alvaro+Bajek,2,3
0062,"0063",Bjerknes,Armandina,Corina,Armandina+Corina+Bjerknes,1,4
0064,"0065",Vantassell,Sarina,Nelly,Sarina+Nelly+Vantassell,3,5
0066,"0067",Marchesseaul,Constance,Brigida,Constance+Brigida+Marchesseaul,2,4
0068,"0069",Lofwall,Darron,Jong,Darron+Jong+Lofwall,3,3
0070,"0071",Shealey,Rossie,Frances,Rossie+Frances+Shealey,5,5
0072,"0073",Covitt,Joesph,Alyssa,Joesph+Alyssa+Covitt,5,4
0074,"0075",Bahe,Eddie,Christina,Eddie+Christina+Bahe,5,2
0076,"0077",Mohorovich,Dylan,Melissia,Dylan+Melissia+Mohorovich,1,2
0078,"0079",Vitiello,Adan,Beverly,Adan+Beverly+Vitiello,5,2
0080,"0081",Derenzis,Mendy,Hollis,Mendy+Hollis+Derenzis,3,2
0082,"0083",Vantassell,Angeline,Jaimie,Angeline+Jaimie+Vantassell,4,2
0084,"0085",Fazzinga,Lorene,Ethelyn,Lorene+Ethelyn+Fazzinga,1,2
0086,"0087",Meggett,Kirstin,Elton,Kirstin+Elton+Meggett,1,2
0088,"0089",Hibble,Dorine,Shiela,Dorine+Shiela+Hibble,4,4
0090,"0091",Briddick,Brigitte,Glinda,Brigitte+Glinda+Briddick,3,2
0092,"0093",Briddick,Susanna,Sondra,Susanna+Sondra+Briddick,2,2
0094,"0095",Mantele,Tiffani,Sharice,Tiffani+Sharice+Mantele,4,2
0096,"0097",July,Georgine,Richard,Georgine+Richard+July,2,2
0098,"0099",Behanan,Neely,Lilliam,Neely+Lilliam+Behanan,5,5
0100,"0101",Giacomazzi,Dorinda,Velda,Dorinda+Velda+Giacomazzi,5,5
